"SeqID","sequence","quality"
"@SRR1552445.1 DCV4KXP1:223:C2CTUACXX:1:1101:1390:2246 length=100","TGATTTTAAAAAAACACTTAACACATCTAGATAGAATAGTACTCTGCCCTATTTGAGGGAACAGTCTCAAACNATGAAGTACATGATATTTAATGCCCTA","CCCFFFFFHHHHHJJJJJJJJIJJJJJJJJIGIGBDFHIIJJJIJJJJJJJJJJIGIIJIIJJJHHHHHHFF#,;ACDDDDDDFDDDEEFEEEDCDDDDD"
"@SRR1552445.2 DCV4KXP1:223:C2CTUACXX:1:1101:1633:2217 length=100","CAGGACCAAGCCCTTCCCCTGGGGANACGGTAACCATACCCTCTTCCACAACCCTCATGTGAACCCACTTCNNANNNNCNNTNNAGATGAGTAAAGAGAA","CCCFFFFFHHHHHJJJJJJIJJJJJ#1?FHDHIJJJIIJIJJJJJJJJJJJJJJJJJJHHHHHHFFFDDEE##,####,##,##,+8?BCDCDDDCDCDD"
"@SRR1552445.3 DCV4KXP1:223:C2CTUACXX:1:1101:1716:2223 length=100","CTCTGCGCATCCCAGTCAGCCACACTCACCACCCATTCAGTTGTCAATGCATTGGTCGGTGGGGACAGAGANNATNNNGTNGTCGTCCTTGAGGCCCAGA","CCCFFFFFHHFHHJJJJJIIJJIJJJJJJIJJJJHIIJJJHIIIJJJJJJIJJJIHGIJGHHFDCDDDDDD##,,###,+#+2?BBBDBDDDDCDB?BDD"
"@SRR1552445.4 DCV4KXP1:223:C2CTUACXX:1:1101:1922:2228 length=100","CTGCAATCCTGCGGCACCGGGCGGGGAGGGGAGGAGGCCGCTGCAGAAGCACGGCCGTCTCTGGCTCGCCTNNCTCNCGGNCCCCAGCGGCAGTAAAGGG","CCCFFDFFHHHGHIJIIJJJJIJJFDBDDDDBDDBDD?BDDBDDAC>>ACDDDDDBDBDDDDCCDCC7;>&##+++#++8#++<@<2<5<@5<9@CD:>?"
"@SRR1552445.5 DCV4KXP1:223:C2CTUACXX:1:1101:2229:2248 length=100","GTCAGTCCTTCCAGGCGGGACTCTAGTTCCACCTTGTTCATGTATGCTTCGTCCACATCCTTCTTGATGAGGACAAATTCATTCTCCATCTCTGTACGCT","CCCDFDFDDHDFHHIIIIFDAF@H<F<=CFF@CGGG7@@GHGIDG=CHEEH;BDCCCCACCCCCC@;@;;ACABC?C::A@ADDEACC@CCC@3:@C<B?"
"@SRR1552445.6 DCV4KXP1:223:C2CTUACXX:1:1101:2719:2224 length=100","CCACCACCAACTTCGATTTCCTTGGCTGCGGTGATGTTGAGTTCACGCAGCTGCGCCTTGAGATCGGAGTTNNTCNNNAGNTCGAGCAGCGCCTGAGAGA","BCBFFFFFHHHHHJJJJJJJJJJIIJJJJJJCGGHIJIJJJHJJJJJJJJJJIIJJHHHFFFFFEDDDDBD##,5###,+#+2<BDDDDDDDDDDDDDDD"
"@SRR1552445.7 DCV4KXP1:223:C2CTUACXX:1:1101:2528:2236 length=100","CTAGAACCCACATCCCTCGCAGCTCCTGGGGTTGCAGACAGCGGGTTCACTGGCTCATCAAAAACTGCTGTCNATGNAGTNCCTGCTGAATCACTCTCTG","@@@DDDDDDHFBDIIGGB@F6E>?FGBBD?G:?DDEHIEHGEEBB5;@DEEDACC@CC@CCCCB/::>::>>#,28#++<#+2?8?>43:>CC@CC@AAC"
"@SRR1552445.8 DCV4KXP1:223:C2CTUACXX:1:1101:2886:2229 length=100","CACCGCCTGACTTTTCAACCAAGACTCTTCAGTCACGCTTAGGCCAGCGTCCTTTTACTGTCTGGTCGGGANNTGTNGTANTGTAGTGCAGAGTGCCAAG","CCCFFFFDHGGHHJJJJJJJJJJGIIIJIJGICHGIGIJJJJJIJIJJIBFHGIIIIIIEEHHHHABBC@;##,,5#,,8#,28??@?CDDCB:A@CCCA"
"@SRR1552445.9 DCV4KXP1:223:C2CTUACXX:1:1101:2913:2243 length=100","TCGTCTCAGTGCTTTCCACACTTCAGAATCCAAGCTCTTGACTCAGAAGTGTTTCTGGTCTGGTTTCCCACANATGTAAGNCTATCTCGCCCTCGCCCGG","@@@DADDDH<DFHHGGGFDFGIIIIDGIHGDHGGECCHIHGGGCGIGD?0?*??@FFE@?FGE<CGIIIG;;#-5;5;A?#,5=ABCC(=>B=A?BBB@3"
"@SRR1552445.10 DCV4KXP1:223:C2CTUACXX:1:1101:3408:2238 length=100","CTTTGTTCCCAACACTTCACATCTCCCTGCCCTTTCAGCCTTCCTCCTTTTAGCCCCTTTCCATAATCTTTGNTTTNTATNTGGTTTCTCAGTTAATACA","CCCFFFFFHHHHHJJJJIJJJJJJJJJGGIJJIJJJJJJJJJJJJJJIHIJJIJJJJJJIJIHIJJIIJJGI#-5;#,5?#,;=?BDDDDECCDDDEEDD"
"@SRR1552445.11 DCV4KXP1:223:C2CTUACXX:1:1101:3701:2237 length=100","TTTTAAGATCTGCACCATGTGATTTTTTTTTTTTTTCCCCTTTCTTTTTTAAACCTTTGGACCTTGGTTTGGNACANGTTNTGGTTAAAAAACTCCACTT","BC@FDFFFHHGHHJJJJIJIIGIIJJJJJJJJI###################################################################"
"@SRR1552445.12 DCV4KXP1:223:C2CTUACXX:1:1101:3618:2240 length=100","CTCAGAGCGCCTGCCAGCCATGACCGGAGCGCCTGCCCTAGCCCTGCTGCTGCTGGGGCAGCTCCTGACGGCNACCNCCGNGCAGAAAGTGGGACCCCGA","@@CFDDDDHFHGHIGGGGHGHGGGIGGGHGFHJJJJJJIIGIJJJIHF?EEEFEFEDDDDD??CDCDCDDD@#(+8#+8<#+22?@CA:+:>???BDD@<"
"@SRR1552445.13 DCV4KXP1:223:C2CTUACXX:1:1101:3918:2247 length=100","ATAATCTCCCCCTAGATTCTGAGGGAAATGTCACCTTATCAGGGAGACATAAACAAAACAATCATCTCCTAANAAAGCAAGCAATACTGTAGCTTCCACT","CCCFFFFFHHHHHJJJJJJJJJJJJJJJJEIJIIIGGGGIEIJJGJJJJICHIJJGIIJIJIJJJJJHHHHH#,;?BDEEEDDDDDDDDDFDDDDDDDDD"
"@SRR1552445.14 DCV4KXP1:223:C2CTUACXX:1:1101:4216:2235 length=100","GAAGGGAAGAGGGGTTTTTCAGAATCACTGGGGGAAAAAGGAAAGGTTGCGGTGTTGATCATGCCCTATGGTNGGTNACCNACTGCTTGTACAATTACGT","CCCFFFDFHHHHHJ@FHJJJJJIJJJJJJJJJJJIIJJJJIIIIJJGFHHFFDDDDDDDDEDDDDDDDDDDA#+8<#+2<#+8?BDDDDDDEEDDDDDDD"
"@SRR1552445.15 DCV4KXP1:223:C2CTUACXX:1:1101:4015:2245 length=100","CCACTCCCAAGTACTGTTTGAAAGTGGGAATGTCTACATGTATTTAAAAGCTCAACTGTAAGGATTAGAAATNCAGGAAACCCATAATGCATTGAGGGCG","CCCFFFFFHHHFHJJJJIJJIJJJHIJJJJJJJJJJJJJJIJJJJJJJJHIJJJJJJJIIBHIJJJIGIJJJ#-;CGHHHGFFFFECEEEDEEDDDCDDB"
"@SRR1552445.16 DCV4KXP1:223:C2CTUACXX:1:1101:4497:2220 length=100","CCCGTATTAACCGTTAAAACCATAGGGCACCAATGATACTGAAGCTACGAGGCCGCATCCCCTATTATAGANNANNNNANNAANTTCCATGATCACACAC","CCCFFFFFHHHHHJJJJIJJIIJIJJJJJJJJJJJJJJJJJJJJIIJJJJJIJJJHHEFFDDECDDEFEDD##,####,##++#+2<?DCCDDDEDDDDD"
"@SRR1552445.17 DCV4KXP1:223:C2CTUACXX:1:1101:4265:2227 length=100","CTACAGTATATATTCTTTAAAAGGACACTGGTGTGCGGCACCAGACAGCTGGCGTCCTCCCTCTTACCCTCNNACCNNTGNCCAAGAGTTCTCGTTATGA","CCCFFFDFHGHHHJJJJJJJJJJJJJJJJJIHIIJIJJJJJJJJJJJJJJJJJJHIGHHFFFFFEEEEEED##,5<##,5#,8?BDDD>CDEDDDDDDDD"
"@SRR1552445.18 DCV4KXP1:223:C2CTUACXX:1:1101:4759:2218 length=100","CTGTGGTATCCATGAGACCACTTTCNACTCCATCATGAAGTGTGATGTGGATATCCGCAAAGACCTGTATGNNANNNNANNGNNGTCTGGTGGTACCACC","@@@?DDDBDDFDFGIIIGIEDGGHA#2<AEDBEGDDGG@F?90:BBB9BGBEHDG:FG<GIII3C@@ECEC#############################"
"@SRR1552445.19 DCV4KXP1:223:C2CTUACXX:1:1101:4768:2245 length=100","CAGCAGAGAGAGAGTGTGGAGGACAAGAACAACTATTTTACAGAGCACAGGAAAGAATTTTTCAATGAATATNTTAGCAATTCTTCAATCTGTAAAAGCC","CCCFFFFFHHHHHIFGGHIGJJGIJJJJJJJJIJIJJJJJJJJJJIJIJJJJIJHIHIIJJJJJJHHHHHHH#,;?ACDEDDDEEDEDEDDEEFEEDDBD"
"@SRR1552445.20 DCV4KXP1:223:C2CTUACXX:1:1101:5541:2225 length=100","AAGGACTTCAGTGGCCATTCACTTGGACACGACATCAGAAGACTCGGACACCAGCTTCCCATCTCGGGTTTNNATNNNCTNCACAACCACAGCCTTGGTG","@@@ADEDDHHHHFHJGGIJJJJIIGGEGHGDGGIAFIJJIGHGIJGJGHGIIJCGEEHGIHDHEHBBD.55##,,###,,#,(,28<@B<?ABDDCD9:?"
"@SRR1552445.21 DCV4KXP1:223:C2CTUACXX:1:1101:5852:2227 length=100","GTGAGTTCAAAGAAAAAAAAAAGGCAAGACACTGAAGAACTGAAATTGTAGTAGACATTTCACATCTTGTANNCTANNATNCTCAGTGCTGTTCCTATGC","CBCFFDFFHHHHHJJJJJJJJJIIDGICGGBHIEIJAHIJJIJIJFHCACEECBEEFFFEDEDEEDDDCDC##,,5##,,#+2?BDDDDEDDDDDDCDDD"
"@SRR1552445.22 DCV4KXP1:223:C2CTUACXX:1:1101:7211:2227 length=100","GTGACTTTGGCCACATCCAGTATGTGGCGTCCTACAAGGTAGCCCACAGTGATGATGGTGTGCAGTGGACTNNATNNNAGNAGCAAGGAAGCAGCAAGGT","CBCFFFFFFHHHHJJJJJIIIIJJGJJIIGGIIIJJJJJHIJJJJJJIJFFGIIHGGJFGGIIIJGHHHFH##,5###,,#(,;?BDDBDDDDDDDDCD@"
"@SRR1552445.23 DCV4KXP1:223:C2CTUACXX:1:1101:7125:2247 length=100","CTCACTTCCACACTGAGAATAATAATTTGAATGTAACCTTGATTGTTATCATCTTGACCTAGGGCTGATTTCNTGTTAATTTCATGGATTGAGAATGCTT","CCCFFFFFHHHHHJJJJJJJJJJJJJJJJJJJJIJJJJJJJJJJJJIJJJJJJJJJIJJJJJJJJJJIIJJI#-;CHHFHHHHFFFDDFFCCCCECDDDE"
"@SRR1552445.24 DCV4KXP1:223:C2CTUACXX:1:1101:7352:2248 length=100","GAAGGAGTCCGTGTCAACAACCGGTTTGAGCTGATAAACACGGAGGATCTTGAGGATGACCTTGTGGTAAATNGGGAGAGATCTGACTGTACCCTGCCGG","CCCFFFFEHHHHHJJJJJJJJJJJGIJJHJJJJJJJJJJJJJJEIIHGIJIJJHHHHHFFFFFFEDDCEDDD#,;?@B@B@CDEDDDDDDEDDDDDDDDD"
"@SRR1552445.25 DCV4KXP1:223:C2CTUACXX:1:1101:7760:2223 length=100","GTTCAAGATACTGCCAAACAGGTTTGCCTTACACAAAGCTGTCTCAGGACTGGTTTGCAGACATACCCTGTNNCNNNNCNNCGTTTGCTCCCGTGCCACA","???DDD?D:?CA<EED<EBA:CABAB@DEEECDE>D?*:CDBBDD?D93?98??D9BCE@@>CDCE3@C@@#############################"
"@SRR1552445.26 DCV4KXP1:223:C2CTUACXX:1:1101:8267:2241 length=100","ACATGGGTCAGTCGGTCCTGAGAGATGGGCGAGTGCCGTTCCGAAGGGACGGGCGATGGCCTCCGTTGCCTCNGCCNATCNAAAGGGAGTCGGGTTCAGA","@@@FDDF=CFFAFAECFGFHGCHBG<9CFGEAFDGIH@FFHE@FGIGEFHFCCBBB=<BC>C@BBAC?BCCC############################"
"@SRR1552445.27 DCV4KXP1:223:C2CTUACXX:1:1101:8462:2244 length=100","CCAGGTTGAGGCGCTTCCGTAGCTCCTTGCGGTCGTACTTGACGGTGACCTTCCCTTGCCGTCTCACCGGGCNATCNTCANCAGCGCCCCCCGGGCCTTC","CCCFFFFFHHHHHJJJJJJJJJIJJJJJIJIJFHIHJJJJJJJJHHFHFFFFFEEEECEDDBDDDEDDDDDD#+28#+28#+2<BBDDDDDDB<9<B7>C"
"@SRR1552445.28 DCV4KXP1:223:C2CTUACXX:1:1101:8330:2250 length=100","GGCTTATGTTCTCCAACTGCTATAAGTACAATCCTCCAGACCACGATGTTGTGGCTATGGCACGAAAGTTGCAGGTGAGCTTAAGAGCTGCAGTTGAATT","@@@FADDAACFFDGGIIGIIIGHICHAHGGGIGIIIIIGEGIIIIIIGHGIIIIGEEIIIIIIEGIHB?>ECDDBD@CBCA@CA@@CACC>CCCCCCACE"
"@SRR1552445.29 DCV4KXP1:223:C2CTUACXX:1:1101:8947:2236 length=100","GCCAAAATTACCTTTTGGATCTTTAATACAAGGGATAATAGCTCTTTGCTGAATAGCTGAAGGCTTCTCAAANCCANATGNATAGATGCCTCGAAGAAGA","CCCFFFFFHHHHHJJJJIIIJJJJJIHIJJJIJIGIHGIJHIJJJJJJJJCHHGIIJJJJJJJJJJJJJIJJ#-;?#-;?#,;?ABDDDDDDDDDDDDDD"
"@SRR1552445.30 DCV4KXP1:223:C2CTUACXX:1:1101:8752:2243 length=100","TTTGTCTCAAAGGTATTTGAAATATCTTACCAAGAAATACCTTAAGAAGAATAATCTCCGTGATTGGCTACGNGTGNTCGNATCTGACAAGGAGACTTAC","CCCFFFFFGHHHHAGHIJJJJJJJJJJJJJJJJJJJJIIJJJJJJJJJIJJJJIIIJJJJHJJJJJGIIJJI#-5;#-5?#,;ACCDDDDDDDDDBDDDD"
"@SRR1552445.31 DCV4KXP1:223:C2CTUACXX:1:1101:9115:2228 length=100","CACAGGTACTGCCCGTTCATGGCCTCAATTGCTGCATCCGAAGCATCGAAGGAGGCAAAATTAATGAAGGCNNAANNNTTNGAGTTGCCTGTGTCAGGGT","@CCFFFADDHDHHIJEHIIGEGGIJEEFGHHIGHJJJIFFIIGIJJIIIGHGIIIIJIJHHEHCCBCF7?6##,,###,,#,5<<?CDDDDDCDDDDDDD"
"@SRR1552445.32 DCV4KXP1:223:C2CTUACXX:1:1101:9094:2249 length=100","CCAGCTGCCATGCCCATGTGCCTCCTGAAAGCTTCTTCAAGGGCTGTGTGCTGGACGTCTGCCTGGGTGGGGNCAGCAAAGACATACTGTGCCAGGCACT","CC@FFFFFHHHHHJJIJJHIJIIJJIJJJJIJJJJJJJJIJGHHHIHIHIIIJJJGIBHHJIJIJJI>BEDD#,;;?BDCCDDDDDDDECDDDDDBDDDD"
"@SRR1552445.33 DCV4KXP1:223:C2CTUACXX:1:1101:9690:2230 length=100","GAAACCCCCACTGTTAAAAAGGACAGTAAAGCTAGACCCAAGGCTGGCTTTGCCTCACTCAGGCAGAAACCNNAAGNNACNAAGACCAATATGAGAGAAA","CCCFFFFFHHHHHIJIJJJJIIJJJJIIJJIJIGEHJJJJJJFIJJJJJJJIJJJJIIJJJHHHHFFFFFE##,,;##,,#,,8@BDDDDDDEEDDDDDD"
"@SRR1552445.34 DCV4KXP1:223:C2CTUACXX:1:1101:9795:2236 length=100","CCAAATGATTACTCTCAGGCACGTAATGCCAAGGAGATGCCCAAGAATCAGTCTAAGGCGGCCTTTAAGTCNNAGANTGGNACCCCTAAAGGTCCACATG","CCCFFFFFDHGHHJIEGHJIJII@FEGCEHIJJIGIGCHEGIIIIDGBHGIFHEGIJIIJJFFDCCCECAC##,58#,,,#,8??@BDDCCC>CCCDDDC"
"@SRR1552445.35 DCV4KXP1:223:C2CTUACXX:1:1101:10263:2237 length=100","CTCGGGGTCATCATGGCCATGTGGAACCTGGTTCCTGGTTTCAGCCCTGCGGATAAGCCAACGTCTCAGGGCNACANGACNGAGGGAGGTGGTGGCATCC","CCCFFFFFHHHHHJJJJJJJIHIJJJJJJJJGIJJJJJJJJJJIJJJJIIJJIJJIHHHHHFFFDEEEEDDD#,8<#,8?#,2?BDBDD8AB9?BDDDCD"
"@SRR1552445.36 DCV4KXP1:223:C2CTUACXX:1:1101:10731:2222 length=100","CAGCCAGTGAAGAAATTGTACCTCTCTCCTCCAATTTGGGTCTCTTCAAACACTTGGCAGTGGCCCAGCACNNCNNNNANNANNGCATTCACACTGGTCT","CCCFFFFFHHHHHJJIJIGIJJJJJJJJJIJJJIJJJJJIGIIJIJJJJJIIIJJJJJIIIJJJJJJIIJH##-####,##,##,,<@DDEDDDDDDDDD"
"@SRR1552445.37 DCV4KXP1:223:C2CTUACXX:1:1101:10616:2241 length=100","TGATAGGATAGGTGTTCATGGGAAGCTAGACTACGTGCCTCTGGCTGTGAACCATCTATGACGTTTCTTAATNCTGNACTNACAAATGTGAAGTGTGAAT","CCCFFFFFHHHHDHIJJJJJJJJJJJJJJJJJJJJGIIJJJJJJJJJIJJJJIJIJJJJIJJJIJJJJJHHH#-;?#,;?#,;?BBDCFEEDDCDDCCED"
"@SRR1552445.38 DCV4KXP1:223:C2CTUACXX:1:1101:10784:2244 length=100","CCGCCTTTAAGCAGTACCAATGGCTGCACAACACTGTAGTATACCAACTGACACAAGGCCACTATAAGAGAANGACNGCANAGTTGTGCCTGGCTACTGG","CCCFFFFFHHHFHJIJIJJJJIJJJJJJJJJGGIIJGIJGDGIJHHJIIJJJIIIJIIIJJJJJJJJJJHHH#,;?#,5=#,;;@BDBDDDDDDDDDDDD"
"@SRR1552445.39 DCV4KXP1:223:C2CTUACXX:1:1101:10809:2247 length=100","GCCACACGTGAGCCTGACTGCAGTCTCACCTTTCTCTCTTTAAAGTTGGATGGGCTACAACCATTATACATTNTAAGAAAACCTCAAAATGTTCCTCAAA","CCCFFFFFHHHHHJJJJJJJJJJJJJJJJJJJJJIJJIJJJJIJJJJIJJJJJIIJJJJJIJJJJJIIJJHH#-5?BEFDEEDDDDDDDDDDEEDDDDDD"
"@SRR1552445.40 DCV4KXP1:223:C2CTUACXX:1:1101:11300:2233 length=100","CCTAGAAAGCCAATAGACATTATTGCTCATACTATTCCAATATAGCCGAAAGGTTCTTTTTTTCCGGAGTANNAAGNAACNACATGTGAAATAATTCCAA","CCCFFFFFHHHHHJJJJJJJJJJJIJJJJJJJJIJJJJ4EHIJJJJJJJJJJJIJJIJJJJJHHHHFFDDE##,,5#,8?#,8?BDDDEECDDDEEECDD"
"@SRR1552445.41 DCV4KXP1:223:C2CTUACXX:1:1101:11418:2243 length=100","GGCAGGCTTCTGGCTTGAAGCCTGTTTCAGGAACTCTTCATCGGTGTGCTTAAAAGTATCTAGCAGACACCTNTTTNCAGNCTTCTCCACACTGATTATA","@@@D;@@?ACBFFE@BGEFBCEF;AGF?:C?<??:?DB??D?9?8B??8?CFFFE4)=@@F=@;CA=CEFEE############################"
"@SRR1552445.42 DCV4KXP1:223:C2CTUACXX:1:1101:11706:2249 length=100","GCGAGGTGGAGCTAATCCCACAAAACCGATCGTAGTCCGGATCGCAGTCTGCAACTCGACTGCGTGAAGTCGNAATCGCTAGTAATCGCGAATCAGAATG","CCCFFFDFHHHHHJJJJJJJJJJIJJJJJJJJIGHGIJJJJJJJJHHHHFFFFFFEDDDDDDDDBDDDDDDD#+8<@DDDDDDEEEEDDDDDDDCDDDCD"
"@SRR1552445.43 DCV4KXP1:223:C2CTUACXX:1:1101:11803:2231 length=100","AACAGGCACAGCATACACTTTCTTTACACCTAATAACATAAAGCAAGTGAGCGACCTTATCTCTGTGCTTCNNGAANNTANTCAAGCAATTAATCCCAAG","CCCFFFFFHHHHHJJIJJJJJJJJJIJJJJJJJIJJJJJJJJJIIIIFHIJIJIJJJJJJJIJJJJJHHHH##,,5##,,#,5?BDDDDDDDDEDDDDDD"
"@SRR1552445.44 DCV4KXP1:223:C2CTUACXX:1:1101:11860:2236 length=100","CAAGGGCAAGGACCATCTTCTGCAGAAAGTTGGGAACTGCACACAGAACCGTGCAGAGGCAACATCTCAGCNNACANTGGNGGATGGGGGGGCAGTGGGG","CCCFFFFFHHHHHJJJJJJJJJJIIJJJJEHIJJIJJJJJJJJJJJJJJJJFIIJJJJJIHHHHFFFFFFE##,5;#,5<#,8<@DBDDDDDDBDCCDDD"
"@SRR1552445.45 DCV4KXP1:223:C2CTUACXX:1:1101:11781:2237 length=100","TGAGGAGTGACTGAGGGACGCAGGCTCAGGCTGTGCTGGCCTCTGTCCTGGCCTGCGCCCCCTCCCACTCCTNCCCNCCANACACTGTCCACCCCACTCT","BBCFDFFDHHHHHIJJJJJJJJJJJIJJIGIJIGHGGGIJJJIJIIIJJJDIGGGEBDEDCDBDDD<AACDC#+8<#+88#+28?<>@CCDDDDD@D?C@"
"@SRR1552445.46 DCV4KXP1:223:C2CTUACXX:1:1101:12102:2222 length=100","GGACAGGTGGCCTCTGATGATCTGANGGATGTGCCAGGAGCTGTTGGCGGCGTGAGCCCAGATCATGCAGANNCNNNNGNNCNNGTGGTGCCTGGGTCCG","CCCFFFFDHHHHHJJJJJIJJJJJJ#2AHHIJJIJIJJJJIJJJIIIIJIIFCDDDCDDDDDDDDDDDDDD##+####+##+##++8?<@DCDDDD?CDD"
"@SRR1552445.47 DCV4KXP1:223:C2CTUACXX:1:1101:12135:2243 length=100","GCCAGGTGAAAAAAGAGCCTTAATTAAGCATGCGTCACCCATTCCCCTGTATTTGACCCCACAGAAGGGCCANTTGNATANGGCACCATTATGAAGGTCA","CCCFFFDFHHHHHJHJIJJJJJJJJJJHJJJJJJJJJJJJJJJJJJJJJIJJJJJIJJJJJHHHHFFFFDDD#,;=#,8?#,5?BDDDDDDEDDEDDDCD"
"@SRR1552445.48 DCV4KXP1:223:C2CTUACXX:1:1101:12339:2224 length=100","CATCTTACCAGGTCAGCAGTAGAAGCCACTGCCAGGGGCAGTTCGTTGCCTAACCTGCTCCTCCATACTGTNNTNNNNTNNAGCGCATACTGCTGCAACT","CCCFFFFFHHHHHIIJIJJIIIJJIFIIJJIIJJIJJIJJJJJIJJJJJIJJJJJJJIJJIJJHFHHHFFE##,####,##,,8@BDDDDDEDDDDDDDD"
"@SRR1552445.49 DCV4KXP1:223:C2CTUACXX:1:1101:12892:2233 length=100","CTCGCAATCATCTATAACTCGGTTTCTAGTGAAGCAGATGCCCTCTTCTTTGGACACTAGGCATGTGATGCNNAAANATANATGCAGGCAAAGCACCCTT","CCCFFFFFHHHHHJJJJJJJJJIJJJJJJIJJJJJJJJJJJJJJJJJJJJJJJHIIJJJIJJJJJJIJJHH##-5;#,;?#,;?BDDDDDDDDDDDDDDD"
"@SRR1552445.50 DCV4KXP1:223:C2CTUACXX:1:1101:13352:2225 length=100","GCTTAAATCCCTTTTATAAGGCATTGCTTCCAAAAACATCTTCGTCTGTTTATAGACTTCTTGGCCTGTCTNNTNNNNGNNCTTGAGAAAGTCTATGAAC","CCCFFFFFDHHHHJJJIIGHIJJGHIIIJHIJIIEIJJJIJJJEGHIIIIJJJGIIJIJIJJG>DFHGGIJ##-####,##,,=7;;?CDD:ADCEDDED"
"@SRR1552445.51 DCV4KXP1:223:C2CTUACXX:1:1101:13449:2241 length=100","CAGAAACCGTCCCTGCTACAGAGCAGGAGTTGCCACAGCCTCAGGCTGAGACAGGATCGGGAACAGAGGCTGNCAGNGATNAGTCAGTACCAGAGCTCGA","@@?D=BDDF?FFAG@G@?A<<EAE9?;FB:CAFGF?D9DDGFFFIIECDFBC=C1@@EA-:'9?;;@@################################"
"@SRR1552445.52 DCV4KXP1:223:C2CTUACXX:1:1101:13601:2223 length=100","CCCAGCCATGGTCTGCAGGCACTGACAGCGCAGCTCATTGGCGATAGGCGCCCCTGTGGCCAGGCGGCTGGNNGNNNNCNNCNNCAGCGCTGCACAGAGA","CCCFFFFFHHHHHJJJJJJJJJJJJJJJIJJJJJJJJJJJJJJJJJJJJHIHHFFDEEEDDDDDDDDDDDD##+####+##+##++8?@BDDDDDDDDDD"
"@SRR1552445.53 DCV4KXP1:223:C2CTUACXX:1:1101:13554:2248 length=100","CTTAGAGGTAGTATGATATCTCAGATTTCTGCCTTAAAGGGCTTTCTTTTTAGAAATAGTTTCTTTTATTGCNCTTAGAAGATCACCCCCAGGAAGAGTA","@CCFDFFFAFHDHHGGIIIJJJJIIIGIIIJIJJJJIJIJJIIJJIJJJJJEHIIIGCHFHIJIJJJJJJHG#.@DHECEHFHHFFFFDDDBBBBDBD:>"
"@SRR1552445.54 DCV4KXP1:223:C2CTUACXX:1:1101:13782:2229 length=100","CGCCCTGATGTCAGCTTCCATGTAAGCTGCTGCTCCAGCCATCAGCACCTGCACTGGCCAGTCCAGCCCTCNNGGNNNCCNCGGAGCCCTCAGGGTTGAC","@@@FDDDFHGBFHGIGFEHHE<FBHBHHHCHG>GEFIHIEHIHGEHIIIH9D>GGGCFCGGGGGGEECH7=##(,###,,#(,,;;=B@CA?CCC<A5?C"
"@SRR1552445.55 DCV4KXP1:223:C2CTUACXX:1:1101:13886:2236 length=100","TGGCGCCGCGAGCAGCCGAGGTGGAGGAGACTCGGCTATGGCCAGCCTGCAGCCACTGCAGCCTAACTACCNNTCTNTGTNTTTGTTTCCAGAAGAATCA","@@@ADDDDDFDHHIIIID@FH'=F=F@@GGHEHFFEEEBCC?CCABB?ABCCCA?C@ACCCCB<CCBCCCC##++2#+++#++8<?CCCC>:@C9?C@CC"
"@SRR1552445.56 DCV4KXP1:223:C2CTUACXX:1:1101:14109:2238 length=100","CTCGGATCTTCCTTTCCGATCCGCCATCGTGGGTGGAGCCGCCGCCACGATGCAGATCTTTGTGAAGACCCTNACGNGGANAACCATCACGCTCGAGGTT","@@@FDDDDFFHHHIEHGDGGHG;EFGAFG?DHI0?@BA=ABHG=BC8A9358?C>A>ADCCCCCA@@CCCAC#+28#+2<#+288?>AC@<A@B&59@##"
"@SRR1552445.57 DCV4KXP1:223:C2CTUACXX:1:1101:14045:2238 length=100","CCAGCAGCTCTACTGGAGTCACCCACGGAAGTTCGGCCAGGGTTCCCGCTCTTGCCGCGTCTGCTCCAACCGNCACNGTCNGATCCGCAAATACGGGCTG","@@@FAFEDDDHFHIEEHEIGHGDGGHEIIJJFHDE:FHIIJIJGIIG8AGHGGEHC9?>BDDDCDA>::>5-#+88#+28#+2??B<@@@<:CC?25@B<"
"@SRR1552445.58 DCV4KXP1:223:C2CTUACXX:1:1101:14371:2229 length=100","CCAGCACACCCTGTCTGAGGAGCACATGGCGCACGGCTGTGTCGACATAGTAGTTAACAGGGTCTCCACTGNNAANNNTCNGACCATCCACAAACTTCAT","CCCFFFFFHHHHHJIJIJJJJJJJJJJJJJJJJJJJJJJJJJJJGIIHHHHFHFFFFFFFDD@CDDDDDDD##,5###,+#+2?BDDDDDDDDDDDDDDE"
"@SRR1552445.59 DCV4KXP1:223:C2CTUACXX:1:1101:14255:2247 length=100","GGGGAATGAAAGACCCCACCATAAGGCTTAGCAAGCTAGCTGCAGTAACACCATTTTGCAAGGCATAGAAAANTACNAGANCTGAGTTCTCAAAAGTTAC","CCCFFFFFHHHHHJJJJJJJJJJJIJJJJJJIIJIIIJJJJJJJJGHIJJJJJJJJJJJJJJJJJJJHHHHH#,5;#,5?#,5?BDCDDEDEDDDDACDD"
"@SRR1552445.60 DCV4KXP1:223:C2CTUACXX:1:1101:14432:2250 length=100","TGGAGGCTGGAGGGGAGGCTGAAGGGGCGGCTGGTGCTGGTGATGCTGGGGCTGCTGTTGGGGCTGTTGCGGNTGGGGGTGTGGGTGATGAGGGGGGGGC","@CCDFFFFHHFHHJIBHIGBHEGGIJJBADAADD??@@AC39>CCCDDDDDDBDBCC@ACBDD;@@?CCCB#############################"
"@SRR1552445.61 DCV4KXP1:223:C2CTUACXX:1:1101:14537:2230 length=100","TGGATCCATTGCATCTGACTGAGAAGCAGGGCGAGGAGTCCTGGGTTGCAGTTCTGGATTGGGGCCTGGTGNNATNNNGGNAGATGACATGTTCCCGCCC","@@CDDFFFDFHHDHGIGFIJJIGGHIGJJJJIJIJJIGIIIJJIJFDHICGHIJJIFCHHFFFFCCDD@>C##,,###,+#+2<@BCCCDCCDEDD9@DD"
"@SRR1552445.62 DCV4KXP1:223:C2CTUACXX:1:1101:14738:2230 length=100","ATTTGTACAAATATACAAGTCCACATTCTTTTTGCCACTTTCCACTTATAATGTCAGACGCTGGCCTCCAANNACNNNGTNATCATAGGGCAGCTCATCC","CCCFFFFFHHHHHJJJJJJIIJJJJJJJJJJJJJJJIJJJJJJJJJJJJJIJJIIJJIJJJJJJJJJJJIJ##-5###,,#,5?BDDCCDDD?BDDDDDD"
"@SRR1552445.63 DCV4KXP1:223:C2CTUACXX:1:1101:14624:2243 length=100","CCGTGTTGTGTATGGAGGAGGGGCAGCCGAAATATCCTGCGCCCTGGCAGTCAGCCAAGAGGCAGACAAGTGNCCANCTTNGGAACAGTATGCCATGAGA","BCCDFDFFHHFHHJJJJJJJJJJIJJJJJJIJIJIJJJJIJJJJGFHHHFEFFFEEEEDDDDDDDBDDDD>C#+8<#+2?#+8?BDDDDEEEDDDDDDDC"
"@SRR1552445.64 DCV4KXP1:223:C2CTUACXX:1:1101:14512:2249 length=100","CAAAAGGTCAGAAGGATCGTGAGGCCCCGCTTTCACGGTCTGTATTCGTACTGAAAATCAAGATCAAGCGAGNTTTTGCCCTTCTGCTCCACGGGAGGTT","CCCFFFFDDFHHHJIIIJJIIJJHGIJJJIIIJIIJJJHHIJGGIIFHAHEACDEHFHGEHFFFFFEDDDBB#,;<@BDDDDDDDCCDDCDD?B@BD@2?"
"@SRR1552445.65 DCV4KXP1:223:C2CTUACXX:1:1101:14865:2234 length=100","CTTCCCTGTTTCAGCAACCTTCCATGGCTCAGCAAGCTTCCCTGCTACAGCAACTTCTCCTGGCCCAGCAANNTTCNCTGNCACTGCAAGTTTCCCCAGC","CCCFDFFFFFHHHHGHIGIJJJJJJIJIIJIJIJJIIJJIJGJJIIGJJHIIJIJGJIIJIJIIIJJJJJH##-,5#,5?#,;=@BDC@C>CDEDDDCDD"
"@SRR1552445.66 DCV4KXP1:223:C2CTUACXX:1:1101:15019:2222 length=100","AAGAAATACAAACGTAATATTAATANATTAATGGTGAAAATGCTTTTAAAAAATTACTTTTACCTGTGAAANNANNNNANNGNNGCTGATTAATCATGGT","@@@FFFFDHBHFHGHIIIJIIGIIG#2ACFHGGIEHIIIIIEGAHIEHGHIJIIJJIIIGGGIJJIGHHIH##-####,##,##,,8?8@CDADDDDDC:"
"@SRR1552445.67 DCV4KXP1:223:C2CTUACXX:1:1101:15383:2245 length=100","CCAAGATCTGCACCTGCGGCGGCTCCACCCGGGCCCGCGCCCTAGGCTTCAAGGCTCACCGCAGCGGCCCTCNTACNCGTNGCGGCGTAGCGTCCGCGGG","CCCFFFFFHHHHHJ3FHHIIJJJJJJJJJJGHFFDDBB@BDDBCDDDDDDDDCDDCD@CDDDDBBBBB@D?A#(++#++2#+22<?559<B@<BD<B00<"
"@SRR1552445.68 DCV4KXP1:223:C2CTUACXX:1:1101:16066:2226 length=100","TTAAAATTAACTTTTCTGTTCATATTTACCTTTAAAACTACTTACTACTAGGGAAAAGTTTTCTAGTATACNNANNNNTNNAAAGTTAATTCTCAACTTA","CCCFFFFFHHHHHJJJJJJJJJJJJJJIJJJJJJJJJJJJJJJJIJJIIHJJIJJJIJIIJJJJIJIJJJJ##-####-##--?B?DE@CEEEEEDDDDD"
"@SRR1552445.69 DCV4KXP1:223:C2CTUACXX:1:1101:16140:2238 length=100","CCGCAACAGAGGGGGTGCATGGCGTTCAAATGGCTCTGAGCTTGAGCCCCCACTGTCTGAGCGTTCCCGGGNNACCNGGCNAGAGGGATGCACACCAGGA","CCCFFFFFHHHHGJJGHHJJJJJJIJJJJJJJJJJJJJJJJJHHHHGFFFDDDDDDDDDDDDDDDDDDDDD##+28#+8?#+8@BDDDDDDDDDDDDDDD"
"@SRR1552445.70 DCV4KXP1:223:C2CTUACXX:1:1101:17091:2230 length=100","CCGCACTCGTCATTGACAATGGCTCCGGCATGTGCAAAGCCGGCTTTGCTGGCGACGACGCCCCCAGGGCCNNGTNNNCTNCCATCGTAGGGCGCCCCCG","CCBFFFFFHHHGHJIJJJIJIGIIJJJJIIIGHIGGIJIIJJIIIJJIGIHGGFFDDDD@DDDDDDDBDDB##++###++#+28?@<<<<?@D@BBDDD@"
"@SRR1552445.71 DCV4KXP1:223:C2CTUACXX:1:1101:17185:2239 length=100","GGCGTAGACCTCGACCAACTGCTCGACATGTCCTATGAGCAACTGATGCAGCTGTACAGCGCCCGCCAGAGGNGGCNCCTNAACCGTGGTCTTCGGCGGA","CCCFFFFFHGHHGJJJJIJJIJJJIIJGIJIIJIJJJIJJIJJJIJIHIJJJJIHGIEGEHHFFCDDDDDDD#,88#+28#++<@B?ABACDDDBDDDD@"
"@SRR1552445.72 DCV4KXP1:223:C2CTUACXX:1:1101:17650:2248 length=100","CAGAAGAGTTCAACTTACGAAAAATTTCCTGTTTCTTTGATTTAACCATGGGTGATGTGCTTTCAAGCTTGGNGAANAATNAAGGCAAGTAGCTTATACT","CCCFFFDFFHHHHJJJJJJIJIJJJJJJJJJIJJIJJJJIJJJJGIJIJJJJBFHIIHHJJJJJJJJIGIEG#-;?#,;?#,;ABBBBDCDDDCDDDDDD"
"@SRR1552445.73 DCV4KXP1:223:C2CTUACXX:1:1101:18290:2233 length=100","CAGGACACTGCCATCTCATCCTGGAAGCCATCCATTGTCATCCTCTCCCTGTCCCCATAATCCCTATGCTGNNCCCNNAGNCAAGAAACAGGAATTCAGC","CCCFFFFFHHHHHJJJJJJJJJJJJIGIJJIJJIJJIIIIJJJIIGJJJJGFHIJJIEHGHIGIGGIIIII##-5;##,,#,5??BDDDDC?BDCCDDCC"
"@SRR1552445.74 DCV4KXP1:223:C2CTUACXX:1:1101:18671:2247 length=100","CCCAAAAGCTACACTTTGATAAATAAAAAAACATTCAATCTTAAAACACCTGGTTTCTGTTTGCAGTTTTAGNGTGNAGGNAGCTGCCCCAAGGACACTC","CCCFFFFFGHGHHJJJJIHIJJJJIIGIJJIIGIJJGJHJJIJIJJIJIJJJIHIJJJJIJJJFHHHGHHHF#,;;#,;?#,;?BBDDDDDCDBDDDDDD"
"@SRR1552445.75 DCV4KXP1:223:C2CTUACXX:1:1101:18858:2226 length=100","TGGAGATCCAGACTATTGCTGACGTGGGTCTGCTCTGGCGCCAGAGCCATCCAGGCCGCACCAAGCTCATGNNGNNNNCNNACCCAACTCGTAAGGACCT","@CCDDFDFHHHGHJGIJGJGGIJGIJIG@GCCGGIJJIIIEIIJ@FCFGCGGGGGIIHFFDDB?ABACCDC##,####+##++<@@DD?CBA@?BDC@BD"
"@SRR1552445.76 DCV4KXP1:223:C2CTUACXX:1:1101:18946:2235 length=100","CTCAGACCCCCTATCCACACCATTAATTATTTTAACAGCCTGATTACTGCCACTAATATTAATAGCTAGCCNNAACNACCNAAAAAAAGATAATAACGTA","@CCFDDEDHHHHHJJJJJIJJJJIJJJJIIJJJJJIJIJJJIFJJJJJJJJJIIIIIJJIIFIIJIIIIJJ##-55#,;?#,5=BDDDDDDDDDEDDDAB"
"@SRR1552445.77 DCV4KXP1:223:C2CTUACXX:1:1101:19261:2235 length=100","TGAATATCCCATCGTTTCTCCTCTTCTCGTCTAGCTCCAGTTTTGCATGCCTCTTTGAAAATACACTGTCANNCAGNTTCNCCAAAATGTCTGAAGGATT","@@@B?DA?F<BDB1E:CFFC>F;AB+2AFA8CC4<>9?CB*?BB)99FH<0BD?/?9)88)8=F:;@)=C##############################"
"@SRR1552445.78 DCV4KXP1:223:C2CTUACXX:1:1101:19672:2242 length=100","GATAAGCCAAGGTGCTTTTGATCTGTAATTTCTTCTCTAAAACTGCTGCATCTGGTACAGTAGACTGTGGAANGTGNTGANTATGTTTCCTCTGGGGCCT","CCCFFFFFHHHHFHIJJJJJJJJJJIIJJJJJJJJJJJJJJJJJIJJJJJJJJJJHIJJIIIJJJJJHIJIH#--5#-;?#,;???EEEEEDDDDCDDDD"
"@SRR1552445.79 DCV4KXP1:223:C2CTUACXX:1:1101:20268:2226 length=100","CTTGGAAGAACAACTGAAAAATGTCTATGTACTACTATAGGATGAGAAGGATCATTCCCAAGTAGGCATGCNNGNNNNTNNTNCATAAGTAGCTAGTACA","@@@FFFFDDBHHFGGBEGIIGAH:CAEFHFHIHIIIIIIIIBGHIIGE;BFHII@FGGGE>H=CC:;CG;F##-####,##,#,,=??35>CCCE>>CCC"
"@SRR1552445.80 DCV4KXP1:223:C2CTUACXX:1:1101:20579:2231 length=100","CTGGCTCATTCAACATAGTAGGTAGGCCTGGTTGGTTTGAGTTTTCTCCTACAATCATTCAACATAGTAGGNNGGNNNTGNTGGTTTGAGTTTTCTCCTA","CCCFFFFFHHHHHJJJJJJJJJIIJJIJJJJGHIJFHIIHGHIJJIJIIJJJJJJJIIJHIJJJJJJHIJJ##--###,,#,5?@DDDDDDEDDDDCDDD"
"@SRR1552445.81 DCV4KXP1:223:C2CTUACXX:1:1101:20738:2244 length=100","GAAGAAGTTCGACCAGCTCCTAGCCGAGGAGAAGACCATCTCGGCCAAGTATGCAGAGGAGCGTGACCGAGCNGAGNCTGNGGCCCGTGAGAAGGAGACA","@CCFBEFFHHHHHJJJJJJJIJJJJJIJJGIJJJJJJJJJJJJJIJJJJGHIHHHHFHFBEEDDDDDDDBDD#+88#+2<#+8??BDBD?BCCDDBDBBD"
"@SRR1552445.82 DCV4KXP1:223:C2CTUACXX:1:1101:1397:2316 length=100","CGGAGCCAGAGCGAGTGTAGCACAGGTGCCCTGCCCAAGTCTGGGCTGCAGACTGCCTTCAGCCTTGCCTGGACCAGGTAGGGGCCAGACCTGTAGGAGG","CCCFFFFFHHHHHIJIJJJJJJJJJJIJJJJJJJJJJJJJJJJJJJJJJJJJJJJJJJJJHHHHHFFFFFEDEEEDDDCDDDDDDDDDDDDDDDDDDDDD"
"@SRR1552445.83 DCV4KXP1:223:C2CTUACXX:1:1101:1372:2364 length=100","GTAAACTGATATATTCAATCCCTTTGTCACCAGTCACTTGGTTTTAGCCCTTAACACTTGGTGTTGGCTCTTGGTCAGTGTGTTAGAACAATAGACCAAA","CCCFFFFFGHHHGJJJJJJJJJJJJJJJJJJJJIJJJJJJJJJJJJIJJIHJJJJJJJJJJHIJJJJJGHIJJIICHHHHHFFFFFEDECCEDDDDDDDD"
"@SRR1552445.84 DCV4KXP1:223:C2CTUACXX:1:1101:1484:2369 length=100","GTTGACTCCAGTTCCCTGGGTTATGGGTGTTCTGGATACTCTCACAAGCTCTGATACATTGAAGACTCCGGATTTTACAAAGCTGTCCTCGAGGTACCCT","CCCFFFFFHHHHHJJJJJJJEGHIIJJGHIIGJIJBHIJIIJHIJJIJJJJJJIJJIIIJGIGHGGJJJJHHHFFBDECEEDDEDDDDDCDDDDDDDDDD"
"@SRR1552445.85 DCV4KXP1:223:C2CTUACXX:1:1101:1313:2395 length=100","GCAATTCTGGGGTTTGGCGAACAGGTCAATCTCTACCTCCCCAGTGTACAGTGGGAACAGCCAGATCGGAAGAGCACACGTCTGAACTCCAGTCACTGAC","CCCFFFFFHHHHFHIGJJJJJIIJJHIIJJHIIJGJIIJJJJJJJJJJJIJEHIJIJEHHHFFFFDEDDDDDDDC>ACBDDDDDDDDDDDCDDDDDDDDD"
"@SRR1552445.86 DCV4KXP1:223:C2CTUACXX:1:1101:1491:2458 length=100","CAGAGAACTCACCCTCCTCCATGCCCTCACCCACATACCAGTGCACAAAGGCACGCTTGGCATACATCAGATCAAACTTGTGATCTAGGCGAGCCCAGGC","CCCFFFFFHGHHGJJJJJJJJJJJJJIJJJJJJIIIJJDGIIJJJJJJJJJEIGHGIJJJHHHHHHFBEFFFEEEEEEDDDDDEEECDDDDDD>BDDDBD"
"@SRR1552445.87 DCV4KXP1:223:C2CTUACXX:1:1101:1454:2459 length=100","CTTGAATATAAATTACAGAATGTGATACATATTATTGACATGGTTATGAAAGGGTCAAACATCCCCACTGAGACAAAATTTTCTCCACATTATTTCAATT","BCCFFFFFHFGHHJJJJJJJJJHJJJJJJJIJJIJJHIJJJJIJJJJIJJIJJJIJJJIIIJJJJJJJJJGIJIJIJFHHHHHFFFFFEEEEEEEEE@DD"
"@SRR1552445.88 DCV4KXP1:223:C2CTUACXX:1:1101:1387:2493 length=100","CTAAAGCTACCACCTTGGGGTGAGCCCTACAGAAGGTTCAGACCCGGGCAGCTCAGCTACCTCCTTCTACATGGAGGTGGCCCTGGTCCCACCTCTAATC","CCCFFFFFHHHHHIJJJJJJFGIIIJJJJJJIJJJJIIJJJJJJIJJJIJJHHHHFFFFFFEEDDEDDDDCDDCCBBBBDDDDDDDDDDDCDDBDCDCDD"
"@SRR1552445.89 DCV4KXP1:223:C2CTUACXX:1:1101:1540:2250 length=100","GGATAGCCGGGTCCCCGTCCGTCCCCGCTCGGCGGGGTCCCCGCGTCGTCCCCGCGGCGGCGCGGGGTCTCCCCCCGCCGGGCGTCGGGGCCGGGGGCCG","CCCFFFFFHHHHHJJJJJJJJJJJJJJJJIIGHIDDD3<BDDB1<<@85?BBD5<BB<5@-7-58@B0&3:>CDD#########################"
"@SRR1552445.90 DCV4KXP1:223:C2CTUACXX:1:1101:1652:2258 length=100","GAACAGGCGGTACTGATGGTGCGCAGGGACCGAGACGGCCAGCACTCGTGGGTGGCCCGGGGCAGGGGTGGCGGGGGATCAGGAGGTTCTGGGAGGAGTA","CC@FFFFFGFDAFHIEIJI?FGGIGIIIIGJJIGEHGHHFFDDEDCC@ABDD;@9BABB@BDD;>BBD&5>19@DDD&&2?CD@?D+8>>:CDBDDDD3>"
"@SRR1552445.91 DCV4KXP1:223:C2CTUACXX:1:1101:1571:2299 length=100","TGGCAGGCTGGGGCCGAGGGAGGGAGCTATTCAGATGTTTTTCTAGGAAGGTGGTGCCTCTCTTCCACAGCTTCTCGTTTTGACTCTGGTACTTAGACTG","CCCFFFFFHHHHHIJJFHIJFHIJ@FIJFGHHIJIJIHIJJHHHHGHFFFF;AC>BCDDDDDDDDCDDDDDDDDDDDDBDD??CCCDDDCCCDEDDCCCD"
"@SRR1552445.92 DCV4KXP1:223:C2CTUACXX:1:1101:1731:2308 length=100","CTCGAATTTCCACAGGGAGATGTCAATAGTGATACCACGCTCACGCTCAGCTTTCAGTTTGTCTAAGACCCAGGCGTACTTGAAGGAGCCCTTTCCCATC","CC@FFDDDHFFDHGGB@EHGAHDFHHIIHEGHIGIGIIGEDGGDFGGGIIGGHGDAGFGEC@AECHEAHHHHFDDAABBBC@@AACBDDDBCDCCDDDCD"
"@SRR1552445.93 DCV4KXP1:223:C2CTUACXX:1:1101:1582:2341 length=100","GAAAATGCTAGTCACCCAGTAGTCACCTTACAAATAGTCCCCTTACCAGATCATGGGCAGCGAGAGTATCAAAACACACAATGTTTATAACGTATTACAG","@?@FB?DDHDHHHIIIIIGFHEIIII<FI@ABECGC<ECDGEHIGI@?D;FHCGIGE?BFABHHI<7ACEHFFFDDCCCCBCCCCDCCDA>BCBCCDCCA"
"@SRR1552445.94 DCV4KXP1:223:C2CTUACXX:1:1101:1610:2423 length=100","AATAAATTTGGTGGTCCTCGGGATCAAGGATCTCGTCATGATTCTGAACAGGATAATTCAGACAACAATACCATCTTCGTGCAAGGCCTAGGCGAGAATG","CCCFFFFFHHHFHJIJJJJJJJGIJJJJJJJJJJJJJJIJIJJIJIIJIIIJIJJIJJIJJJJJJJHHHHHFFFFCFECEDDDDDDDDDDDDDDDDDDCD"
"@SRR1552445.95 DCV4KXP1:223:C2CTUACXX:1:1101:1728:2454 length=100","CTTCGAGCTGGTTCAGCTGGAAGTCTGTTCCCTTCTTTACCACAGCCACAGCGTAGTAGTAGGTCTGTGGATGTTCCACTGATCCATAAAACTCCGCCGC","CCCFFFFFHHHHHJJJJJJJJJJHIJJJGIJJJJIIJJJJIIJJJJJIIIGGIGIJIGJGIJJHHIHHHGDFFFFCEFEEEEEEEDDDDDDCCDDDDDDD"
"@SRR1552445.96 DCV4KXP1:223:C2CTUACXX:1:1101:1562:2496 length=100","CAGGAGACTTTATTTGGGGGAAGTGACTGCACCGGCAATTTCTGTTTGTTCAAGTCTACCACCAAGGACCTTCTGTTCAGGGATGACACCAAATGTTTCG","CCCFFFFFHHHHHJJJJJJJIJJHGEIJJIJJJJHJJJIJIJJJHIIGHJIHFGHHHHFFFFFDDEDDDDDDDDDEDDDCDDDDDDDDDDDDDDDDEEDD"
"@SRR1552445.97 DCV4KXP1:223:C2CTUACXX:1:1101:1794:2334 length=100","CATGACTCTCTCAGCTTCCCAGGACCTTTTGGTGGTGTGGCCCAGCATAGAGTAAGTGCTAATGGCAACGGAGCAGCCGATGGGCTTGTCCTTGGCATCT","CCCFFFFFHHHHHJJJJJJJJJJIJJJJJJJJCGIFHGHIJJJJJJIJJJIIFGIIGIJJJJJFIIHHFHFFDDDCDDDDDDDDDDDDBDDDDDDDDDDD"
"@SRR1552445.98 DCV4KXP1:223:C2CTUACXX:1:1101:1813:2389 length=100","TATAGACCAGGCTAGCCTAAACTCACAGAGATCTATCCATCTGCCTCTGCCTCCTGAGTGCTGGGATGAAAGATGTACAACACTATTCCCAGCAGGGTTC","CCCFFFFFHHHHHJJJJJJJJJJJJJJJIIIJJJJJJJIJJJJJJJJJIJJGIIJIHIGGHIJIIJIJIIJJHHHHHHGFFFFCCEEEEEDDDDDDD9?B"
"@SRR1552445.99 DCV4KXP1:223:C2CTUACXX:1:1101:1829:2418 length=100","CCATCTTTCACTCAGGATGAATGGGAAGAGTGACTGACTGTTCACAGACCTCAGTGATGTGAGCACTGTGGCTCAGGAGTGACAAGTTGCTAATACGCAG","CCCFFFFFHHHHHJJJJIJJIJJJJJJJEGEGIJIJJJIJJJJJJJJJJIJJIJIIHIIIJJJJJJJJJIIIJJIEHHHABDFFFEEDEEEEDDDDDDDD"
"@SRR1552445.100 DCV4KXP1:223:C2CTUACXX:1:1101:1828:2492 length=100","GGACACACAAGCCACAGAAAACAAGAGGGAGAAGCTAGGGAGATGCCACATAAGCAGGAGATTCTGAGTTCGGTTCCCAGGAATAAGCATCAAGGAGCCG","CCCFFFFFHHHHHJJJJJJJJJIJJGHIGIJGIIIIGIGEFHBHIIGIJJGIIDGGIIHHEHHFFFEFDFEDDDD@DDDCDDDCDDDCDCDDDDCA?BBD"